Date,Content,Video title,Video publish time,Duration,Views
2026-05-01, -dqjAAtZyr0,Slow it down #dothingsyoudontwanttodo,"May 13, 2026",49,0
2026-05-02, -dqjAAtZyr0,Slow it down #dothingsyoudontwanttodo,"May 13, 2026",49,0
2026-05-03, -dqjAAtZyr0,Slow it down #dothingsyoudontwanttodo,"May 13, 2026",49,0
2026-05-04, -dqjAAtZyr0,Slow it down #dothingsyoudontwanttodo,"May 13, 2026",49,0
2026-05-05, -dqjAAtZyr0,Slow it down #dothingsyoudontwanttodo,"May 13, 2026",49,0
2026-05-06, -dqjAAtZyr0,Slow it down #dothingsyoudontwanttodo,"May 13, 2026",49,0
2026-05-07, -dqjAAtZyr0,Slow it down #dothingsyoudontwanttodo,"May 13, 2026",49,0
2026-05-08, -dqjAAtZyr0,Slow it down #dothingsyoudontwanttodo,"May 13, 2026",49,0
2026-05-09, -dqjAAtZyr0,Slow it down #dothingsyoudontwanttodo,"May 13, 2026",49,0
2026-05-10, -dqjAAtZyr0,Slow it down #dothingsyoudontwanttodo,"May 13, 2026",49,0
2026-05-11, -dqjAAtZyr0,Slow it down #dothingsyoudontwanttodo,"May 13, 2026",49,0
2026-05-12, -dqjAAtZyr0,Slow it down #dothingsyoudontwanttodo,"May 13, 2026",49,0
2026-05-13, -dqjAAtZyr0,Slow it down #dothingsyoudontwanttodo,"May 13, 2026",49,100
2026-05-14, -dqjAAtZyr0,Slow it down #dothingsyoudontwanttodo,"May 13, 2026",49,0
2026-05-15, -dqjAAtZyr0,Slow it down #dothingsyoudontwanttodo,"May 13, 2026",49,0
2026-05-16, -dqjAAtZyr0,Slow it down #dothingsyoudontwanttodo,"May 13, 2026",49,0
2026-05-17, -dqjAAtZyr0,Slow it down #dothingsyoudontwanttodo,"May 13, 2026",49,0
2026-05-18, -dqjAAtZyr0,Slow it down #dothingsyoudontwanttodo,"May 13, 2026",49,0
2026-05-19, -dqjAAtZyr0,Slow it down #dothingsyoudontwanttodo,"May 13, 2026",49,0
2026-05-20, -dqjAAtZyr0,Slow it down #dothingsyoudontwanttodo,"May 13, 2026",49,0
2026-05-21, -dqjAAtZyr0,Slow it down #dothingsyoudontwanttodo,"May 13, 2026",49,0
2026-05-22, -dqjAAtZyr0,Slow it down #dothingsyoudontwanttodo,"May 13, 2026",49,0
2026-05-23, -dqjAAtZyr0,Slow it down #dothingsyoudontwanttodo,"May 13, 2026",49,0
2026-05-24, -dqjAAtZyr0,Slow it down #dothingsyoudontwanttodo,"May 13, 2026",49,0
2026-05-25, -dqjAAtZyr0,Slow it down #dothingsyoudontwanttodo,"May 13, 2026",49,0
2026-05-26, -dqjAAtZyr0,Slow it down #dothingsyoudontwanttodo,"May 13, 2026",49,0
2026-05-27, -dqjAAtZyr0,Slow it down #dothingsyoudontwanttodo,"May 13, 2026",49,1
2026-05-28, -dqjAAtZyr0,Slow it down #dothingsyoudontwanttodo,"May 13, 2026",49,0
2026-05-29, -dqjAAtZyr0,Slow it down #dothingsyoudontwanttodo,"May 13, 2026",49,0
2026-05-30, -dqjAAtZyr0,Slow it down #dothingsyoudontwanttodo,"May 13, 2026",49,1
2026-05-31, -dqjAAtZyr0,Slow it down #dothingsyoudontwanttodo,"May 13, 2026",49,0
2026-06-01, -dqjAAtZyr0,Slow it down #dothingsyoudontwanttodo,"May 13, 2026",49,0
2026-06-02, -dqjAAtZyr0,Slow it down #dothingsyoudontwanttodo,"May 13, 2026",49,0
2026-06-03, -dqjAAtZyr0,Slow it down #dothingsyoudontwanttodo,"May 13, 2026",49,0
2026-06-04, -dqjAAtZyr0,Slow it down #dothingsyoudontwanttodo,"May 13, 2026",49,1
2026-06-05, -dqjAAtZyr0,Slow it down #dothingsyoudontwanttodo,"May 13, 2026",49,0
2026-06-06, -dqjAAtZyr0,Slow it down #dothingsyoudontwanttodo,"May 13, 2026",49,0
2026-06-07, -dqjAAtZyr0,Slow it down #dothingsyoudontwanttodo,"May 13, 2026",49,0
2026-06-08, -dqjAAtZyr0,Slow it down #dothingsyoudontwanttodo,"May 13, 2026",49,0
2026-06-09, -dqjAAtZyr0,Slow it down #dothingsyoudontwanttodo,"May 13, 2026",49,0
2026-06-10, -dqjAAtZyr0,Slow it down #dothingsyoudontwanttodo,"May 13, 2026",49,0
2026-06-11, -dqjAAtZyr0,Slow it down #dothingsyoudontwanttodo,"May 13, 2026",49,0
2026-06-12, -dqjAAtZyr0,Slow it down #dothingsyoudontwanttodo,"May 13, 2026",49,0
2026-06-13, -dqjAAtZyr0,Slow it down #dothingsyoudontwanttodo,"May 13, 2026",49,0
2026-06-14, -dqjAAtZyr0,Slow it down #dothingsyoudontwanttodo,"May 13, 2026",49,0
2026-05-01,3dlvmkbAH9c,The Only 3 Skills You Need to Survive Until 2030 | World of Work Expert,"Jan 8, 2026",3299,2
2026-05-02,3dlvmkbAH9c,The Only 3 Skills You Need to Survive Until 2030 | World of Work Expert,"Jan 8, 2026",3299,1
2026-05-03,3dlvmkbAH9c,The Only 3 Skills You Need to Survive Until 2030 | World of Work Expert,"Jan 8, 2026",3299,5
2026-05-04,3dlvmkbAH9c,The Only 3 Skills You Need to Survive Until 2030 | World of Work Expert,"Jan 8, 2026",3299,2
2026-05-05,3dlvmkbAH9c,The Only 3 Skills You Need to Survive Until 2030 | World of Work Expert,"Jan 8, 2026",3299,1
2026-05-06,3dlvmkbAH9c,The Only 3 Skills You Need to Survive Until 2030 | World of Work Expert,"Jan 8, 2026",3299,5
2026-05-07,3dlvmkbAH9c,The Only 3 Skills You Need to Survive Until 2030 | World of Work Expert,"Jan 8, 2026",3299,2
2026-05-08,3dlvmkbAH9c,The Only 3 Skills You Need to Survive Until 2030 | World of Work Expert,"Jan 8, 2026",3299,0
2026-05-09,3dlvmkbAH9c,The Only 3 Skills You Need to Survive Until 2030 | World of Work Expert,"Jan 8, 2026",3299,2
2026-05-10,3dlvmkbAH9c,The Only 3 Skills You Need to Survive Until 2030 | World of Work Expert,"Jan 8, 2026",3299,4
2026-05-11,3dlvmkbAH9c,The Only 3 Skills You Need to Survive Until 2030 | World of Work Expert,"Jan 8, 2026",3299,0
2026-05-12,3dlvmkbAH9c,The Only 3 Skills You Need to Survive Until 2030 | World of Work Expert,"Jan 8, 2026",3299,7
2026-05-13,3dlvmkbAH9c,The Only 3 Skills You Need to Survive Until 2030 | World of Work Expert,"Jan 8, 2026",3299,1
2026-05-14,3dlvmkbAH9c,The Only 3 Skills You Need to Survive Until 2030 | World of Work Expert,"Jan 8, 2026",3299,2
2026-05-15,3dlvmkbAH9c,The Only 3 Skills You Need to Survive Until 2030 | World of Work Expert,"Jan 8, 2026",3299,4
2026-05-16,3dlvmkbAH9c,The Only 3 Skills You Need to Survive Until 2030 | World of Work Expert,"Jan 8, 2026",3299,3
2026-05-17,3dlvmkbAH9c,The Only 3 Skills You Need to Survive Until 2030 | World of Work Expert,"Jan 8, 2026",3299,0
2026-05-18,3dlvmkbAH9c,The Only 3 Skills You Need to Survive Until 2030 | World of Work Expert,"Jan 8, 2026",3299,5
2026-05-19,3dlvmkbAH9c,The Only 3 Skills You Need to Survive Until 2030 | World of Work Expert,"Jan 8, 2026",3299,2
2026-05-20,3dlvmkbAH9c,The Only 3 Skills You Need to Survive Until 2030 | World of Work Expert,"Jan 8, 2026",3299,2
2026-05-21,3dlvmkbAH9c,The Only 3 Skills You Need to Survive Until 2030 | World of Work Expert,"Jan 8, 2026",3299,1
2026-05-22,3dlvmkbAH9c,The Only 3 Skills You Need to Survive Until 2030 | World of Work Expert,"Jan 8, 2026",3299,1
2026-05-23,3dlvmkbAH9c,The Only 3 Skills You Need to Survive Until 2030 | World of Work Expert,"Jan 8, 2026",3299,1
2026-05-24,3dlvmkbAH9c,The Only 3 Skills You Need to Survive Until 2030 | World of Work Expert,"Jan 8, 2026",3299,1
2026-05-25,3dlvmkbAH9c,The Only 3 Skills You Need to Survive Until 2030 | World of Work Expert,"Jan 8, 2026",3299,0
2026-05-26,3dlvmkbAH9c,The Only 3 Skills You Need to Survive Until 2030 | World of Work Expert,"Jan 8, 2026",3299,0
2026-05-27,3dlvmkbAH9c,The Only 3 Skills You Need to Survive Until 2030 | World of Work Expert,"Jan 8, 2026",3299,2
2026-05-28,3dlvmkbAH9c,The Only 3 Skills You Need to Survive Until 2030 | World of Work Expert,"Jan 8, 2026",3299,0
2026-05-29,3dlvmkbAH9c,The Only 3 Skills You Need to Survive Until 2030 | World of Work Expert,"Jan 8, 2026",3299,2
2026-05-30,3dlvmkbAH9c,The Only 3 Skills You Need to Survive Until 2030 | World of Work Expert,"Jan 8, 2026",3299,1
2026-05-31,3dlvmkbAH9c,The Only 3 Skills You Need to Survive Until 2030 | World of Work Expert,"Jan 8, 2026",3299,2
2026-06-01,3dlvmkbAH9c,The Only 3 Skills You Need to Survive Until 2030 | World of Work Expert,"Jan 8, 2026",3299,2
2026-06-02,3dlvmkbAH9c,The Only 3 Skills You Need to Survive Until 2030 | World of Work Expert,"Jan 8, 2026",3299,0
2026-06-03,3dlvmkbAH9c,The Only 3 Skills You Need to Survive Until 2030 | World of Work Expert,"Jan 8, 2026",3299,2
2026-06-04,3dlvmkbAH9c,The Only 3 Skills You Need to Survive Until 2030 | World of Work Expert,"Jan 8, 2026",3299,0
2026-06-05,3dlvmkbAH9c,The Only 3 Skills You Need to Survive Until 2030 | World of Work Expert,"Jan 8, 2026",3299,1
2026-06-06,3dlvmkbAH9c,The Only 3 Skills You Need to Survive Until 2030 | World of Work Expert,"Jan 8, 2026",3299,5
2026-06-07,3dlvmkbAH9c,The Only 3 Skills You Need to Survive Until 2030 | World of Work Expert,"Jan 8, 2026",3299,1
2026-06-08,3dlvmkbAH9c,The Only 3 Skills You Need to Survive Until 2030 | World of Work Expert,"Jan 8, 2026",3299,1
2026-06-09,3dlvmkbAH9c,The Only 3 Skills You Need to Survive Until 2030 | World of Work Expert,"Jan 8, 2026",3299,3
2026-06-10,3dlvmkbAH9c,The Only 3 Skills You Need to Survive Until 2030 | World of Work Expert,"Jan 8, 2026",3299,0
2026-06-11,3dlvmkbAH9c,The Only 3 Skills You Need to Survive Until 2030 | World of Work Expert,"Jan 8, 2026",3299,2
2026-06-12,3dlvmkbAH9c,The Only 3 Skills You Need to Survive Until 2030 | World of Work Expert,"Jan 8, 2026",3299,1
2026-06-13,3dlvmkbAH9c,The Only 3 Skills You Need to Survive Until 2030 | World of Work Expert,"Jan 8, 2026",3299,2
2026-06-14,3dlvmkbAH9c,The Only 3 Skills You Need to Survive Until 2030 | World of Work Expert,"Jan 8, 2026",3299,2
2026-05-01,aZLXS2k8dv0,Why should we share goals?,"May 30, 2026",64,0
2026-05-02,aZLXS2k8dv0,Why should we share goals?,"May 30, 2026",64,0
2026-05-03,aZLXS2k8dv0,Why should we share goals?,"May 30, 2026",64,0
2026-05-04,aZLXS2k8dv0,Why should we share goals?,"May 30, 2026",64,0
2026-05-05,aZLXS2k8dv0,Why should we share goals?,"May 30, 2026",64,0
2026-05-06,aZLXS2k8dv0,Why should we share goals?,"May 30, 2026",64,0
2026-05-07,aZLXS2k8dv0,Why should we share goals?,"May 30, 2026",64,0
2026-05-08,aZLXS2k8dv0,Why should we share goals?,"May 30, 2026",64,0
2026-05-09,aZLXS2k8dv0,Why should we share goals?,"May 30, 2026",64,0
2026-05-10,aZLXS2k8dv0,Why should we share goals?,"May 30, 2026",64,0
2026-05-11,aZLXS2k8dv0,Why should we share goals?,"May 30, 2026",64,0
2026-05-12,aZLXS2k8dv0,Why should we share goals?,"May 30, 2026",64,0
2026-05-13,aZLXS2k8dv0,Why should we share goals?,"May 30, 2026",64,0
2026-05-14,aZLXS2k8dv0,Why should we share goals?,"May 30, 2026",64,0
2026-05-15,aZLXS2k8dv0,Why should we share goals?,"May 30, 2026",64,0
2026-05-16,aZLXS2k8dv0,Why should we share goals?,"May 30, 2026",64,0
2026-05-17,aZLXS2k8dv0,Why should we share goals?,"May 30, 2026",64,0
2026-05-18,aZLXS2k8dv0,Why should we share goals?,"May 30, 2026",64,0
2026-05-19,aZLXS2k8dv0,Why should we share goals?,"May 30, 2026",64,0
2026-05-20,aZLXS2k8dv0,Why should we share goals?,"May 30, 2026",64,0
2026-05-21,aZLXS2k8dv0,Why should we share goals?,"May 30, 2026",64,0
2026-05-22,aZLXS2k8dv0,Why should we share goals?,"May 30, 2026",64,0
2026-05-23,aZLXS2k8dv0,Why should we share goals?,"May 30, 2026",64,0
2026-05-24,aZLXS2k8dv0,Why should we share goals?,"May 30, 2026",64,0
2026-05-25,aZLXS2k8dv0,Why should we share goals?,"May 30, 2026",64,0
2026-05-26,aZLXS2k8dv0,Why should we share goals?,"May 30, 2026",64,0
2026-05-27,aZLXS2k8dv0,Why should we share goals?,"May 30, 2026",64,0
2026-05-28,aZLXS2k8dv0,Why should we share goals?,"May 30, 2026",64,0
2026-05-29,aZLXS2k8dv0,Why should we share goals?,"May 30, 2026",64,0
2026-05-30,aZLXS2k8dv0,Why should we share goals?,"May 30, 2026",64,406
2026-05-31,aZLXS2k8dv0,Why should we share goals?,"May 30, 2026",64,5
2026-06-01,aZLXS2k8dv0,Why should we share goals?,"May 30, 2026",64,0
2026-06-02,aZLXS2k8dv0,Why should we share goals?,"May 30, 2026",64,0
2026-06-03,aZLXS2k8dv0,Why should we share goals?,"May 30, 2026",64,0
2026-06-04,aZLXS2k8dv0,Why should we share goals?,"May 30, 2026",64,0
2026-06-05,aZLXS2k8dv0,Why should we share goals?,"May 30, 2026",64,0
2026-06-06,aZLXS2k8dv0,Why should we share goals?,"May 30, 2026",64,0
2026-06-07,aZLXS2k8dv0,Why should we share goals?,"May 30, 2026",64,0
2026-06-08,aZLXS2k8dv0,Why should we share goals?,"May 30, 2026",64,0
2026-06-09,aZLXS2k8dv0,Why should we share goals?,"May 30, 2026",64,0
2026-06-10,aZLXS2k8dv0,Why should we share goals?,"May 30, 2026",64,0
2026-06-11,aZLXS2k8dv0,Why should we share goals?,"May 30, 2026",64,0
2026-06-12,aZLXS2k8dv0,Why should we share goals?,"May 30, 2026",64,1
2026-06-13,aZLXS2k8dv0,Why should we share goals?,"May 30, 2026",64,0
2026-06-14,aZLXS2k8dv0,Why should we share goals?,"May 30, 2026",64,0
2026-05-01,pAMDxvS3roY,Your Office is Lying to You??,"May 27, 2026",32,0
2026-05-02,pAMDxvS3roY,Your Office is Lying to You??,"May 27, 2026",32,0
2026-05-03,pAMDxvS3roY,Your Office is Lying to You??,"May 27, 2026",32,0
2026-05-04,pAMDxvS3roY,Your Office is Lying to You??,"May 27, 2026",32,0
2026-05-05,pAMDxvS3roY,Your Office is Lying to You??,"May 27, 2026",32,0
2026-05-06,pAMDxvS3roY,Your Office is Lying to You??,"May 27, 2026",32,0
2026-05-07,pAMDxvS3roY,Your Office is Lying to You??,"May 27, 2026",32,0
2026-05-08,pAMDxvS3roY,Your Office is Lying to You??,"May 27, 2026",32,0
2026-05-09,pAMDxvS3roY,Your Office is Lying to You??,"May 27, 2026",32,0
2026-05-10,pAMDxvS3roY,Your Office is Lying to You??,"May 27, 2026",32,0
2026-05-11,pAMDxvS3roY,Your Office is Lying to You??,"May 27, 2026",32,0
2026-05-12,pAMDxvS3roY,Your Office is Lying to You??,"May 27, 2026",32,0
2026-05-13,pAMDxvS3roY,Your Office is Lying to You??,"May 27, 2026",32,0
2026-05-14,pAMDxvS3roY,Your Office is Lying to You??,"May 27, 2026",32,0
2026-05-15,pAMDxvS3roY,Your Office is Lying to You??,"May 27, 2026",32,0
2026-05-16,pAMDxvS3roY,Your Office is Lying to You??,"May 27, 2026",32,0
2026-05-17,pAMDxvS3roY,Your Office is Lying to You??,"May 27, 2026",32,0
2026-05-18,pAMDxvS3roY,Your Office is Lying to You??,"May 27, 2026",32,0
2026-05-19,pAMDxvS3roY,Your Office is Lying to You??,"May 27, 2026",32,0
2026-05-20,pAMDxvS3roY,Your Office is Lying to You??,"May 27, 2026",32,0
2026-05-21,pAMDxvS3roY,Your Office is Lying to You??,"May 27, 2026",32,0
2026-05-22,pAMDxvS3roY,Your Office is Lying to You??,"May 27, 2026",32,0
2026-05-23,pAMDxvS3roY,Your Office is Lying to You??,"May 27, 2026",32,0
2026-05-24,pAMDxvS3roY,Your Office is Lying to You??,"May 27, 2026",32,0
2026-05-25,pAMDxvS3roY,Your Office is Lying to You??,"May 27, 2026",32,0
2026-05-26,pAMDxvS3roY,Your Office is Lying to You??,"May 27, 2026",32,0
2026-05-27,pAMDxvS3roY,Your Office is Lying to You??,"May 27, 2026",32,82
2026-05-28,pAMDxvS3roY,Your Office is Lying to You??,"May 27, 2026",32,932
2026-05-29,pAMDxvS3roY,Your Office is Lying to You??,"May 27, 2026",32,160
2026-05-30,pAMDxvS3roY,Your Office is Lying to You??,"May 27, 2026",32,5
2026-05-31,pAMDxvS3roY,Your Office is Lying to You??,"May 27, 2026",32,0
2026-06-01,pAMDxvS3roY,Your Office is Lying to You??,"May 27, 2026",32,2
2026-06-02,pAMDxvS3roY,Your Office is Lying to You??,"May 27, 2026",32,0
2026-06-03,pAMDxvS3roY,Your Office is Lying to You??,"May 27, 2026",32,0
2026-06-04,pAMDxvS3roY,Your Office is Lying to You??,"May 27, 2026",32,0
2026-06-05,pAMDxvS3roY,Your Office is Lying to You??,"May 27, 2026",32,0
2026-06-06,pAMDxvS3roY,Your Office is Lying to You??,"May 27, 2026",32,0
2026-06-07,pAMDxvS3roY,Your Office is Lying to You??,"May 27, 2026",32,0
2026-06-08,pAMDxvS3roY,Your Office is Lying to You??,"May 27, 2026",32,0
2026-06-09,pAMDxvS3roY,Your Office is Lying to You??,"May 27, 2026",32,0
2026-06-10,pAMDxvS3roY,Your Office is Lying to You??,"May 27, 2026",32,0
2026-06-11,pAMDxvS3roY,Your Office is Lying to You??,"May 27, 2026",32,0
2026-06-12,pAMDxvS3roY,Your Office is Lying to You??,"May 27, 2026",32,3
2026-06-13,pAMDxvS3roY,Your Office is Lying to You??,"May 27, 2026",32,0
2026-06-14,pAMDxvS3roY,Your Office is Lying to You??,"May 27, 2026",32,0
2026-05-01,tK5lCsG94Kc,"Admiral William H. McRaven, the retired U.S. Navy Four-Star Admiral and SEAL","May 18, 2026",52,0
2026-05-02,tK5lCsG94Kc,"Admiral William H. McRaven, the retired U.S. Navy Four-Star Admiral and SEAL","May 18, 2026",52,0
2026-05-03,tK5lCsG94Kc,"Admiral William H. McRaven, the retired U.S. Navy Four-Star Admiral and SEAL","May 18, 2026",52,0
2026-05-04,tK5lCsG94Kc,"Admiral William H. McRaven, the retired U.S. Navy Four-Star Admiral and SEAL","May 18, 2026",52,0
2026-05-05,tK5lCsG94Kc,"Admiral William H. McRaven, the retired U.S. Navy Four-Star Admiral and SEAL","May 18, 2026",52,0
2026-05-06,tK5lCsG94Kc,"Admiral William H. McRaven, the retired U.S. Navy Four-Star Admiral and SEAL","May 18, 2026",52,0
2026-05-07,tK5lCsG94Kc,"Admiral William H. McRaven, the retired U.S. Navy Four-Star Admiral and SEAL","May 18, 2026",52,0
2026-05-08,tK5lCsG94Kc,"Admiral William H. McRaven, the retired U.S. Navy Four-Star Admiral and SEAL","May 18, 2026",52,0
2026-05-09,tK5lCsG94Kc,"Admiral William H. McRaven, the retired U.S. Navy Four-Star Admiral and SEAL","May 18, 2026",52,0
2026-05-10,tK5lCsG94Kc,"Admiral William H. McRaven, the retired U.S. Navy Four-Star Admiral and SEAL","May 18, 2026",52,0
2026-05-11,tK5lCsG94Kc,"Admiral William H. McRaven, the retired U.S. Navy Four-Star Admiral and SEAL","May 18, 2026",52,0
2026-05-12,tK5lCsG94Kc,"Admiral William H. McRaven, the retired U.S. Navy Four-Star Admiral and SEAL","May 18, 2026",52,0
2026-05-13,tK5lCsG94Kc,"Admiral William H. McRaven, the retired U.S. Navy Four-Star Admiral and SEAL","May 18, 2026",52,0
2026-05-14,tK5lCsG94Kc,"Admiral William H. McRaven, the retired U.S. Navy Four-Star Admiral and SEAL","May 18, 2026",52,0
2026-05-15,tK5lCsG94Kc,"Admiral William H. McRaven, the retired U.S. Navy Four-Star Admiral and SEAL","May 18, 2026",52,0
2026-05-16,tK5lCsG94Kc,"Admiral William H. McRaven, the retired U.S. Navy Four-Star Admiral and SEAL","May 18, 2026",52,0
2026-05-17,tK5lCsG94Kc,"Admiral William H. McRaven, the retired U.S. Navy Four-Star Admiral and SEAL","May 18, 2026",52,0
2026-05-18,tK5lCsG94Kc,"Admiral William H. McRaven, the retired U.S. Navy Four-Star Admiral and SEAL","May 18, 2026",52,142
2026-05-19,tK5lCsG94Kc,"Admiral William H. McRaven, the retired U.S. Navy Four-Star Admiral and SEAL","May 18, 2026",52,1
2026-05-20,tK5lCsG94Kc,"Admiral William H. McRaven, the retired U.S. Navy Four-Star Admiral and SEAL","May 18, 2026",52,0
2026-05-21,tK5lCsG94Kc,"Admiral William H. McRaven, the retired U.S. Navy Four-Star Admiral and SEAL","May 18, 2026",52,3
2026-05-22,tK5lCsG94Kc,"Admiral William H. McRaven, the retired U.S. Navy Four-Star Admiral and SEAL","May 18, 2026",52,0
2026-05-23,tK5lCsG94Kc,"Admiral William H. McRaven, the retired U.S. Navy Four-Star Admiral and SEAL","May 18, 2026",52,5
2026-05-24,tK5lCsG94Kc,"Admiral William H. McRaven, the retired U.S. Navy Four-Star Admiral and SEAL","May 18, 2026",52,0
2026-05-25,tK5lCsG94Kc,"Admiral William H. McRaven, the retired U.S. Navy Four-Star Admiral and SEAL","May 18, 2026",52,0
2026-05-26,tK5lCsG94Kc,"Admiral William H. McRaven, the retired U.S. Navy Four-Star Admiral and SEAL","May 18, 2026",52,0
2026-05-27,tK5lCsG94Kc,"Admiral William H. McRaven, the retired U.S. Navy Four-Star Admiral and SEAL","May 18, 2026",52,2
2026-05-28,tK5lCsG94Kc,"Admiral William H. McRaven, the retired U.S. Navy Four-Star Admiral and SEAL","May 18, 2026",52,0
2026-05-29,tK5lCsG94Kc,"Admiral William H. McRaven, the retired U.S. Navy Four-Star Admiral and SEAL","May 18, 2026",52,1
2026-05-30,tK5lCsG94Kc,"Admiral William H. McRaven, the retired U.S. Navy Four-Star Admiral and SEAL","May 18, 2026",52,3
2026-05-31,tK5lCsG94Kc,"Admiral William H. McRaven, the retired U.S. Navy Four-Star Admiral and SEAL","May 18, 2026",52,0
2026-06-01,tK5lCsG94Kc,"Admiral William H. McRaven, the retired U.S. Navy Four-Star Admiral and SEAL","May 18, 2026",52,0
2026-06-02,tK5lCsG94Kc,"Admiral William H. McRaven, the retired U.S. Navy Four-Star Admiral and SEAL","May 18, 2026",52,0
2026-06-03,tK5lCsG94Kc,"Admiral William H. McRaven, the retired U.S. Navy Four-Star Admiral and SEAL","May 18, 2026",52,0
2026-06-04,tK5lCsG94Kc,"Admiral William H. McRaven, the retired U.S. Navy Four-Star Admiral and SEAL","May 18, 2026",52,0
2026-06-05,tK5lCsG94Kc,"Admiral William H. McRaven, the retired U.S. Navy Four-Star Admiral and SEAL","May 18, 2026",52,0
2026-06-06,tK5lCsG94Kc,"Admiral William H. McRaven, the retired U.S. Navy Four-Star Admiral and SEAL","May 18, 2026",52,0
2026-06-07,tK5lCsG94Kc,"Admiral William H. McRaven, the retired U.S. Navy Four-Star Admiral and SEAL","May 18, 2026",52,0
2026-06-08,tK5lCsG94Kc,"Admiral William H. McRaven, the retired U.S. Navy Four-Star Admiral and SEAL","May 18, 2026",52,0
2026-06-09,tK5lCsG94Kc,"Admiral William H. McRaven, the retired U.S. Navy Four-Star Admiral and SEAL","May 18, 2026",52,0
2026-06-10,tK5lCsG94Kc,"Admiral William H. McRaven, the retired U.S. Navy Four-Star Admiral and SEAL","May 18, 2026",52,0
2026-06-11,tK5lCsG94Kc,"Admiral William H. McRaven, the retired U.S. Navy Four-Star Admiral and SEAL","May 18, 2026",52,0
2026-06-12,tK5lCsG94Kc,"Admiral William H. McRaven, the retired U.S. Navy Four-Star Admiral and SEAL","May 18, 2026",52,1
2026-06-13,tK5lCsG94Kc,"Admiral William H. McRaven, the retired U.S. Navy Four-Star Admiral and SEAL","May 18, 2026",52,0
2026-06-14,tK5lCsG94Kc,"Admiral William H. McRaven, the retired U.S. Navy Four-Star Admiral and SEAL","May 18, 2026",52,0
