Date,Content,Video title,Video publish time,Duration,Engaged views
2026-04-01,3dlvmkbAH9c,The Only 3 Skills You Need to Survive Until 2030 | World of Work Expert,"Jan 8, 2026",3298,0
2026-04-02,3dlvmkbAH9c,The Only 3 Skills You Need to Survive Until 2030 | World of Work Expert,"Jan 8, 2026",3298,1
2026-04-03,3dlvmkbAH9c,The Only 3 Skills You Need to Survive Until 2030 | World of Work Expert,"Jan 8, 2026",3298,3
2026-04-04,3dlvmkbAH9c,The Only 3 Skills You Need to Survive Until 2030 | World of Work Expert,"Jan 8, 2026",3298,1
2026-04-05,3dlvmkbAH9c,The Only 3 Skills You Need to Survive Until 2030 | World of Work Expert,"Jan 8, 2026",3298,5
2026-04-06,3dlvmkbAH9c,The Only 3 Skills You Need to Survive Until 2030 | World of Work Expert,"Jan 8, 2026",3298,3
2026-04-07,3dlvmkbAH9c,The Only 3 Skills You Need to Survive Until 2030 | World of Work Expert,"Jan 8, 2026",3298,0
2026-04-08,3dlvmkbAH9c,The Only 3 Skills You Need to Survive Until 2030 | World of Work Expert,"Jan 8, 2026",3298,1
2026-04-09,3dlvmkbAH9c,The Only 3 Skills You Need to Survive Until 2030 | World of Work Expert,"Jan 8, 2026",3298,2
2026-04-10,3dlvmkbAH9c,The Only 3 Skills You Need to Survive Until 2030 | World of Work Expert,"Jan 8, 2026",3298,1
2026-04-11,3dlvmkbAH9c,The Only 3 Skills You Need to Survive Until 2030 | World of Work Expert,"Jan 8, 2026",3298,1
2026-04-12,3dlvmkbAH9c,The Only 3 Skills You Need to Survive Until 2030 | World of Work Expert,"Jan 8, 2026",3298,3
2026-04-13,3dlvmkbAH9c,The Only 3 Skills You Need to Survive Until 2030 | World of Work Expert,"Jan 8, 2026",3298,2
2026-04-14,3dlvmkbAH9c,The Only 3 Skills You Need to Survive Until 2030 | World of Work Expert,"Jan 8, 2026",3298,0
2026-04-15,3dlvmkbAH9c,The Only 3 Skills You Need to Survive Until 2030 | World of Work Expert,"Jan 8, 2026",3298,3
2026-04-16,3dlvmkbAH9c,The Only 3 Skills You Need to Survive Until 2030 | World of Work Expert,"Jan 8, 2026",3298,2
2026-04-17,3dlvmkbAH9c,The Only 3 Skills You Need to Survive Until 2030 | World of Work Expert,"Jan 8, 2026",3298,1
2026-04-18,3dlvmkbAH9c,The Only 3 Skills You Need to Survive Until 2030 | World of Work Expert,"Jan 8, 2026",3298,1
2026-04-19,3dlvmkbAH9c,The Only 3 Skills You Need to Survive Until 2030 | World of Work Expert,"Jan 8, 2026",3298,3
2026-04-20,3dlvmkbAH9c,The Only 3 Skills You Need to Survive Until 2030 | World of Work Expert,"Jan 8, 2026",3298,0
2026-04-21,3dlvmkbAH9c,The Only 3 Skills You Need to Survive Until 2030 | World of Work Expert,"Jan 8, 2026",3298,1
2026-04-22,3dlvmkbAH9c,The Only 3 Skills You Need to Survive Until 2030 | World of Work Expert,"Jan 8, 2026",3298,1
2026-04-23,3dlvmkbAH9c,The Only 3 Skills You Need to Survive Until 2030 | World of Work Expert,"Jan 8, 2026",3298,0
2026-04-24,3dlvmkbAH9c,The Only 3 Skills You Need to Survive Until 2030 | World of Work Expert,"Jan 8, 2026",3298,0
2026-04-25,3dlvmkbAH9c,The Only 3 Skills You Need to Survive Until 2030 | World of Work Expert,"Jan 8, 2026",3298,1
2026-04-26,3dlvmkbAH9c,The Only 3 Skills You Need to Survive Until 2030 | World of Work Expert,"Jan 8, 2026",3298,1
2026-04-27,3dlvmkbAH9c,The Only 3 Skills You Need to Survive Until 2030 | World of Work Expert,"Jan 8, 2026",3298,1
2026-04-28,3dlvmkbAH9c,The Only 3 Skills You Need to Survive Until 2030 | World of Work Expert,"Jan 8, 2026",3298,3
2026-04-29,3dlvmkbAH9c,The Only 3 Skills You Need to Survive Until 2030 | World of Work Expert,"Jan 8, 2026",3298,1
2026-04-30,3dlvmkbAH9c,The Only 3 Skills You Need to Survive Until 2030 | World of Work Expert,"Jan 8, 2026",3298,3
2026-05-01,3dlvmkbAH9c,The Only 3 Skills You Need to Survive Until 2030 | World of Work Expert,"Jan 8, 2026",3298,2
2026-05-02,3dlvmkbAH9c,The Only 3 Skills You Need to Survive Until 2030 | World of Work Expert,"Jan 8, 2026",3298,1
2026-05-03,3dlvmkbAH9c,The Only 3 Skills You Need to Survive Until 2030 | World of Work Expert,"Jan 8, 2026",3298,5
2026-05-04,3dlvmkbAH9c,The Only 3 Skills You Need to Survive Until 2030 | World of Work Expert,"Jan 8, 2026",3298,2
2026-04-01,FCnXReRCY9U,Ever heard of Groupiness? #podcast #dothingsyoudontwanttodo #booktok,"Apr 11, 2026",80,0
2026-04-02,FCnXReRCY9U,Ever heard of Groupiness? #podcast #dothingsyoudontwanttodo #booktok,"Apr 11, 2026",80,0
2026-04-03,FCnXReRCY9U,Ever heard of Groupiness? #podcast #dothingsyoudontwanttodo #booktok,"Apr 11, 2026",80,0
2026-04-04,FCnXReRCY9U,Ever heard of Groupiness? #podcast #dothingsyoudontwanttodo #booktok,"Apr 11, 2026",80,0
2026-04-05,FCnXReRCY9U,Ever heard of Groupiness? #podcast #dothingsyoudontwanttodo #booktok,"Apr 11, 2026",80,0
2026-04-06,FCnXReRCY9U,Ever heard of Groupiness? #podcast #dothingsyoudontwanttodo #booktok,"Apr 11, 2026",80,0
2026-04-07,FCnXReRCY9U,Ever heard of Groupiness? #podcast #dothingsyoudontwanttodo #booktok,"Apr 11, 2026",80,0
2026-04-08,FCnXReRCY9U,Ever heard of Groupiness? #podcast #dothingsyoudontwanttodo #booktok,"Apr 11, 2026",80,0
2026-04-09,FCnXReRCY9U,Ever heard of Groupiness? #podcast #dothingsyoudontwanttodo #booktok,"Apr 11, 2026",80,0
2026-04-10,FCnXReRCY9U,Ever heard of Groupiness? #podcast #dothingsyoudontwanttodo #booktok,"Apr 11, 2026",80,0
2026-04-11,FCnXReRCY9U,Ever heard of Groupiness? #podcast #dothingsyoudontwanttodo #booktok,"Apr 11, 2026",80,195
2026-04-12,FCnXReRCY9U,Ever heard of Groupiness? #podcast #dothingsyoudontwanttodo #booktok,"Apr 11, 2026",80,38
2026-04-13,FCnXReRCY9U,Ever heard of Groupiness? #podcast #dothingsyoudontwanttodo #booktok,"Apr 11, 2026",80,18
2026-04-14,FCnXReRCY9U,Ever heard of Groupiness? #podcast #dothingsyoudontwanttodo #booktok,"Apr 11, 2026",80,1
2026-04-15,FCnXReRCY9U,Ever heard of Groupiness? #podcast #dothingsyoudontwanttodo #booktok,"Apr 11, 2026",80,0
2026-04-16,FCnXReRCY9U,Ever heard of Groupiness? #podcast #dothingsyoudontwanttodo #booktok,"Apr 11, 2026",80,0
2026-04-17,FCnXReRCY9U,Ever heard of Groupiness? #podcast #dothingsyoudontwanttodo #booktok,"Apr 11, 2026",80,0
2026-04-18,FCnXReRCY9U,Ever heard of Groupiness? #podcast #dothingsyoudontwanttodo #booktok,"Apr 11, 2026",80,0
2026-04-19,FCnXReRCY9U,Ever heard of Groupiness? #podcast #dothingsyoudontwanttodo #booktok,"Apr 11, 2026",80,0
2026-04-20,FCnXReRCY9U,Ever heard of Groupiness? #podcast #dothingsyoudontwanttodo #booktok,"Apr 11, 2026",80,0
2026-04-21,FCnXReRCY9U,Ever heard of Groupiness? #podcast #dothingsyoudontwanttodo #booktok,"Apr 11, 2026",80,1
2026-04-22,FCnXReRCY9U,Ever heard of Groupiness? #podcast #dothingsyoudontwanttodo #booktok,"Apr 11, 2026",80,0
2026-04-23,FCnXReRCY9U,Ever heard of Groupiness? #podcast #dothingsyoudontwanttodo #booktok,"Apr 11, 2026",80,0
2026-04-24,FCnXReRCY9U,Ever heard of Groupiness? #podcast #dothingsyoudontwanttodo #booktok,"Apr 11, 2026",80,0
2026-04-25,FCnXReRCY9U,Ever heard of Groupiness? #podcast #dothingsyoudontwanttodo #booktok,"Apr 11, 2026",80,0
2026-04-26,FCnXReRCY9U,Ever heard of Groupiness? #podcast #dothingsyoudontwanttodo #booktok,"Apr 11, 2026",80,0
2026-04-27,FCnXReRCY9U,Ever heard of Groupiness? #podcast #dothingsyoudontwanttodo #booktok,"Apr 11, 2026",80,0
2026-04-28,FCnXReRCY9U,Ever heard of Groupiness? #podcast #dothingsyoudontwanttodo #booktok,"Apr 11, 2026",80,0
2026-04-29,FCnXReRCY9U,Ever heard of Groupiness? #podcast #dothingsyoudontwanttodo #booktok,"Apr 11, 2026",80,0
2026-04-30,FCnXReRCY9U,Ever heard of Groupiness? #podcast #dothingsyoudontwanttodo #booktok,"Apr 11, 2026",80,0
2026-05-01,FCnXReRCY9U,Ever heard of Groupiness? #podcast #dothingsyoudontwanttodo #booktok,"Apr 11, 2026",80,0
2026-05-02,FCnXReRCY9U,Ever heard of Groupiness? #podcast #dothingsyoudontwanttodo #booktok,"Apr 11, 2026",80,0
2026-05-03,FCnXReRCY9U,Ever heard of Groupiness? #podcast #dothingsyoudontwanttodo #booktok,"Apr 11, 2026",80,0
2026-05-04,FCnXReRCY9U,Ever heard of Groupiness? #podcast #dothingsyoudontwanttodo #booktok,"Apr 11, 2026",80,0
2026-04-01,FW9TU1Wt1Y8,Sunday Scaries....,"Apr 6, 2026",59,0
2026-04-02,FW9TU1Wt1Y8,Sunday Scaries....,"Apr 6, 2026",59,0
2026-04-03,FW9TU1Wt1Y8,Sunday Scaries....,"Apr 6, 2026",59,0
2026-04-04,FW9TU1Wt1Y8,Sunday Scaries....,"Apr 6, 2026",59,0
2026-04-05,FW9TU1Wt1Y8,Sunday Scaries....,"Apr 6, 2026",59,0
2026-04-06,FW9TU1Wt1Y8,Sunday Scaries....,"Apr 6, 2026",59,54
2026-04-07,FW9TU1Wt1Y8,Sunday Scaries....,"Apr 6, 2026",59,1
2026-04-08,FW9TU1Wt1Y8,Sunday Scaries....,"Apr 6, 2026",59,0
2026-04-09,FW9TU1Wt1Y8,Sunday Scaries....,"Apr 6, 2026",59,0
2026-04-10,FW9TU1Wt1Y8,Sunday Scaries....,"Apr 6, 2026",59,1
2026-04-11,FW9TU1Wt1Y8,Sunday Scaries....,"Apr 6, 2026",59,0
2026-04-12,FW9TU1Wt1Y8,Sunday Scaries....,"Apr 6, 2026",59,0
2026-04-13,FW9TU1Wt1Y8,Sunday Scaries....,"Apr 6, 2026",59,0
2026-04-14,FW9TU1Wt1Y8,Sunday Scaries....,"Apr 6, 2026",59,0
2026-04-15,FW9TU1Wt1Y8,Sunday Scaries....,"Apr 6, 2026",59,0
2026-04-16,FW9TU1Wt1Y8,Sunday Scaries....,"Apr 6, 2026",59,0
2026-04-17,FW9TU1Wt1Y8,Sunday Scaries....,"Apr 6, 2026",59,0
2026-04-18,FW9TU1Wt1Y8,Sunday Scaries....,"Apr 6, 2026",59,0
2026-04-19,FW9TU1Wt1Y8,Sunday Scaries....,"Apr 6, 2026",59,0
2026-04-20,FW9TU1Wt1Y8,Sunday Scaries....,"Apr 6, 2026",59,0
2026-04-21,FW9TU1Wt1Y8,Sunday Scaries....,"Apr 6, 2026",59,0
2026-04-22,FW9TU1Wt1Y8,Sunday Scaries....,"Apr 6, 2026",59,0
2026-04-23,FW9TU1Wt1Y8,Sunday Scaries....,"Apr 6, 2026",59,0
2026-04-24,FW9TU1Wt1Y8,Sunday Scaries....,"Apr 6, 2026",59,0
2026-04-25,FW9TU1Wt1Y8,Sunday Scaries....,"Apr 6, 2026",59,0
2026-04-26,FW9TU1Wt1Y8,Sunday Scaries....,"Apr 6, 2026",59,0
2026-04-27,FW9TU1Wt1Y8,Sunday Scaries....,"Apr 6, 2026",59,0
2026-04-28,FW9TU1Wt1Y8,Sunday Scaries....,"Apr 6, 2026",59,0
2026-04-29,FW9TU1Wt1Y8,Sunday Scaries....,"Apr 6, 2026",59,0
2026-04-30,FW9TU1Wt1Y8,Sunday Scaries....,"Apr 6, 2026",59,0
2026-05-01,FW9TU1Wt1Y8,Sunday Scaries....,"Apr 6, 2026",59,0
2026-05-02,FW9TU1Wt1Y8,Sunday Scaries....,"Apr 6, 2026",59,0
2026-05-03,FW9TU1Wt1Y8,Sunday Scaries....,"Apr 6, 2026",59,0
2026-05-04,FW9TU1Wt1Y8,Sunday Scaries....,"Apr 6, 2026",59,0
2026-04-01,KMkeNKGgwuU,Prisoners are happier than the Symphony Orchestra Players #podcast #dothingsyoudontwanttodo #booktok,"Apr 9, 2026",72,0
2026-04-02,KMkeNKGgwuU,Prisoners are happier than the Symphony Orchestra Players #podcast #dothingsyoudontwanttodo #booktok,"Apr 9, 2026",72,0
2026-04-03,KMkeNKGgwuU,Prisoners are happier than the Symphony Orchestra Players #podcast #dothingsyoudontwanttodo #booktok,"Apr 9, 2026",72,0
2026-04-04,KMkeNKGgwuU,Prisoners are happier than the Symphony Orchestra Players #podcast #dothingsyoudontwanttodo #booktok,"Apr 9, 2026",72,0
2026-04-05,KMkeNKGgwuU,Prisoners are happier than the Symphony Orchestra Players #podcast #dothingsyoudontwanttodo #booktok,"Apr 9, 2026",72,0
2026-04-06,KMkeNKGgwuU,Prisoners are happier than the Symphony Orchestra Players #podcast #dothingsyoudontwanttodo #booktok,"Apr 9, 2026",72,0
2026-04-07,KMkeNKGgwuU,Prisoners are happier than the Symphony Orchestra Players #podcast #dothingsyoudontwanttodo #booktok,"Apr 9, 2026",72,0
2026-04-08,KMkeNKGgwuU,Prisoners are happier than the Symphony Orchestra Players #podcast #dothingsyoudontwanttodo #booktok,"Apr 9, 2026",72,0
2026-04-09,KMkeNKGgwuU,Prisoners are happier than the Symphony Orchestra Players #podcast #dothingsyoudontwanttodo #booktok,"Apr 9, 2026",72,578
2026-04-10,KMkeNKGgwuU,Prisoners are happier than the Symphony Orchestra Players #podcast #dothingsyoudontwanttodo #booktok,"Apr 9, 2026",72,3
2026-04-11,KMkeNKGgwuU,Prisoners are happier than the Symphony Orchestra Players #podcast #dothingsyoudontwanttodo #booktok,"Apr 9, 2026",72,0
2026-04-12,KMkeNKGgwuU,Prisoners are happier than the Symphony Orchestra Players #podcast #dothingsyoudontwanttodo #booktok,"Apr 9, 2026",72,0
2026-04-13,KMkeNKGgwuU,Prisoners are happier than the Symphony Orchestra Players #podcast #dothingsyoudontwanttodo #booktok,"Apr 9, 2026",72,0
2026-04-14,KMkeNKGgwuU,Prisoners are happier than the Symphony Orchestra Players #podcast #dothingsyoudontwanttodo #booktok,"Apr 9, 2026",72,0
2026-04-15,KMkeNKGgwuU,Prisoners are happier than the Symphony Orchestra Players #podcast #dothingsyoudontwanttodo #booktok,"Apr 9, 2026",72,0
2026-04-16,KMkeNKGgwuU,Prisoners are happier than the Symphony Orchestra Players #podcast #dothingsyoudontwanttodo #booktok,"Apr 9, 2026",72,0
2026-04-17,KMkeNKGgwuU,Prisoners are happier than the Symphony Orchestra Players #podcast #dothingsyoudontwanttodo #booktok,"Apr 9, 2026",72,2
2026-04-18,KMkeNKGgwuU,Prisoners are happier than the Symphony Orchestra Players #podcast #dothingsyoudontwanttodo #booktok,"Apr 9, 2026",72,0
2026-04-19,KMkeNKGgwuU,Prisoners are happier than the Symphony Orchestra Players #podcast #dothingsyoudontwanttodo #booktok,"Apr 9, 2026",72,0
2026-04-20,KMkeNKGgwuU,Prisoners are happier than the Symphony Orchestra Players #podcast #dothingsyoudontwanttodo #booktok,"Apr 9, 2026",72,0
2026-04-21,KMkeNKGgwuU,Prisoners are happier than the Symphony Orchestra Players #podcast #dothingsyoudontwanttodo #booktok,"Apr 9, 2026",72,0
2026-04-22,KMkeNKGgwuU,Prisoners are happier than the Symphony Orchestra Players #podcast #dothingsyoudontwanttodo #booktok,"Apr 9, 2026",72,0
2026-04-23,KMkeNKGgwuU,Prisoners are happier than the Symphony Orchestra Players #podcast #dothingsyoudontwanttodo #booktok,"Apr 9, 2026",72,0
2026-04-24,KMkeNKGgwuU,Prisoners are happier than the Symphony Orchestra Players #podcast #dothingsyoudontwanttodo #booktok,"Apr 9, 2026",72,0
2026-04-25,KMkeNKGgwuU,Prisoners are happier than the Symphony Orchestra Players #podcast #dothingsyoudontwanttodo #booktok,"Apr 9, 2026",72,0
2026-04-26,KMkeNKGgwuU,Prisoners are happier than the Symphony Orchestra Players #podcast #dothingsyoudontwanttodo #booktok,"Apr 9, 2026",72,0
2026-04-27,KMkeNKGgwuU,Prisoners are happier than the Symphony Orchestra Players #podcast #dothingsyoudontwanttodo #booktok,"Apr 9, 2026",72,0
2026-04-28,KMkeNKGgwuU,Prisoners are happier than the Symphony Orchestra Players #podcast #dothingsyoudontwanttodo #booktok,"Apr 9, 2026",72,0
2026-04-29,KMkeNKGgwuU,Prisoners are happier than the Symphony Orchestra Players #podcast #dothingsyoudontwanttodo #booktok,"Apr 9, 2026",72,0
2026-04-30,KMkeNKGgwuU,Prisoners are happier than the Symphony Orchestra Players #podcast #dothingsyoudontwanttodo #booktok,"Apr 9, 2026",72,0
2026-05-01,KMkeNKGgwuU,Prisoners are happier than the Symphony Orchestra Players #podcast #dothingsyoudontwanttodo #booktok,"Apr 9, 2026",72,0
2026-05-02,KMkeNKGgwuU,Prisoners are happier than the Symphony Orchestra Players #podcast #dothingsyoudontwanttodo #booktok,"Apr 9, 2026",72,0
2026-05-03,KMkeNKGgwuU,Prisoners are happier than the Symphony Orchestra Players #podcast #dothingsyoudontwanttodo #booktok,"Apr 9, 2026",72,0
2026-05-04,KMkeNKGgwuU,Prisoners are happier than the Symphony Orchestra Players #podcast #dothingsyoudontwanttodo #booktok,"Apr 9, 2026",72,0
2026-04-01,OSTMSffhR_I,How to ask for a raise at work? #podcast #dothingsyoudontwanttodo #booktok,"Apr 22, 2026",74,0
2026-04-02,OSTMSffhR_I,How to ask for a raise at work? #podcast #dothingsyoudontwanttodo #booktok,"Apr 22, 2026",74,0
2026-04-03,OSTMSffhR_I,How to ask for a raise at work? #podcast #dothingsyoudontwanttodo #booktok,"Apr 22, 2026",74,0
2026-04-04,OSTMSffhR_I,How to ask for a raise at work? #podcast #dothingsyoudontwanttodo #booktok,"Apr 22, 2026",74,0
2026-04-05,OSTMSffhR_I,How to ask for a raise at work? #podcast #dothingsyoudontwanttodo #booktok,"Apr 22, 2026",74,0
2026-04-06,OSTMSffhR_I,How to ask for a raise at work? #podcast #dothingsyoudontwanttodo #booktok,"Apr 22, 2026",74,0
2026-04-07,OSTMSffhR_I,How to ask for a raise at work? #podcast #dothingsyoudontwanttodo #booktok,"Apr 22, 2026",74,0
2026-04-08,OSTMSffhR_I,How to ask for a raise at work? #podcast #dothingsyoudontwanttodo #booktok,"Apr 22, 2026",74,0
2026-04-09,OSTMSffhR_I,How to ask for a raise at work? #podcast #dothingsyoudontwanttodo #booktok,"Apr 22, 2026",74,0
2026-04-10,OSTMSffhR_I,How to ask for a raise at work? #podcast #dothingsyoudontwanttodo #booktok,"Apr 22, 2026",74,0
2026-04-11,OSTMSffhR_I,How to ask for a raise at work? #podcast #dothingsyoudontwanttodo #booktok,"Apr 22, 2026",74,0
2026-04-12,OSTMSffhR_I,How to ask for a raise at work? #podcast #dothingsyoudontwanttodo #booktok,"Apr 22, 2026",74,0
2026-04-13,OSTMSffhR_I,How to ask for a raise at work? #podcast #dothingsyoudontwanttodo #booktok,"Apr 22, 2026",74,0
2026-04-14,OSTMSffhR_I,How to ask for a raise at work? #podcast #dothingsyoudontwanttodo #booktok,"Apr 22, 2026",74,0
2026-04-15,OSTMSffhR_I,How to ask for a raise at work? #podcast #dothingsyoudontwanttodo #booktok,"Apr 22, 2026",74,0
2026-04-16,OSTMSffhR_I,How to ask for a raise at work? #podcast #dothingsyoudontwanttodo #booktok,"Apr 22, 2026",74,0
2026-04-17,OSTMSffhR_I,How to ask for a raise at work? #podcast #dothingsyoudontwanttodo #booktok,"Apr 22, 2026",74,0
2026-04-18,OSTMSffhR_I,How to ask for a raise at work? #podcast #dothingsyoudontwanttodo #booktok,"Apr 22, 2026",74,0
2026-04-19,OSTMSffhR_I,How to ask for a raise at work? #podcast #dothingsyoudontwanttodo #booktok,"Apr 22, 2026",74,0
2026-04-20,OSTMSffhR_I,How to ask for a raise at work? #podcast #dothingsyoudontwanttodo #booktok,"Apr 22, 2026",74,0
2026-04-21,OSTMSffhR_I,How to ask for a raise at work? #podcast #dothingsyoudontwanttodo #booktok,"Apr 22, 2026",74,0
2026-04-22,OSTMSffhR_I,How to ask for a raise at work? #podcast #dothingsyoudontwanttodo #booktok,"Apr 22, 2026",74,59
2026-04-23,OSTMSffhR_I,How to ask for a raise at work? #podcast #dothingsyoudontwanttodo #booktok,"Apr 22, 2026",74,0
2026-04-24,OSTMSffhR_I,How to ask for a raise at work? #podcast #dothingsyoudontwanttodo #booktok,"Apr 22, 2026",74,0
2026-04-25,OSTMSffhR_I,How to ask for a raise at work? #podcast #dothingsyoudontwanttodo #booktok,"Apr 22, 2026",74,0
2026-04-26,OSTMSffhR_I,How to ask for a raise at work? #podcast #dothingsyoudontwanttodo #booktok,"Apr 22, 2026",74,0
2026-04-27,OSTMSffhR_I,How to ask for a raise at work? #podcast #dothingsyoudontwanttodo #booktok,"Apr 22, 2026",74,1
2026-04-28,OSTMSffhR_I,How to ask for a raise at work? #podcast #dothingsyoudontwanttodo #booktok,"Apr 22, 2026",74,0
2026-04-29,OSTMSffhR_I,How to ask for a raise at work? #podcast #dothingsyoudontwanttodo #booktok,"Apr 22, 2026",74,0
2026-04-30,OSTMSffhR_I,How to ask for a raise at work? #podcast #dothingsyoudontwanttodo #booktok,"Apr 22, 2026",74,0
2026-05-01,OSTMSffhR_I,How to ask for a raise at work? #podcast #dothingsyoudontwanttodo #booktok,"Apr 22, 2026",74,0
2026-05-02,OSTMSffhR_I,How to ask for a raise at work? #podcast #dothingsyoudontwanttodo #booktok,"Apr 22, 2026",74,0
2026-05-03,OSTMSffhR_I,How to ask for a raise at work? #podcast #dothingsyoudontwanttodo #booktok,"Apr 22, 2026",74,0
2026-05-04,OSTMSffhR_I,How to ask for a raise at work? #podcast #dothingsyoudontwanttodo #booktok,"Apr 22, 2026",74,0
